本端:Rack_[38]_[JiNanGD-P]_[XG3/0/1],,对端:Rack_[QDGD-P]_[XG3/0/1]
本端:Rack_[38]_[JiNanGD-P]_[XG3/0/2],,对端:Rack_[QDGD-P]_[XG3/0/2]
本端:Rack_[38]_[JiNanGD-P]_[XG3/0/3],,对端:Rack_[LYGD-P]_[XG3/0/1]
本端:Rack_[38]_[JiNanGD-P]_[XG3/0/4],,对端:Rack_[LYGD-P]_[XG3/0/2]
本端:Rack_[38]_[JiNanGD-P]_[XG3/0/5],,对端:Rack_[ZZGD-P]_[XG1/0/1]
本端:Rack_[38]_[JiNanGD-P]_[XG3/0/6],,对端:Rack_[DZGD-P]_[XG1/0/1]
本端:Rack_[38]_[JiNanGD-P]_[XG3/0/7],,对端:Rack_[LCGD-P]_[XG1/0/1]
本端:Rack_[38]_[JiNanGD-P]_[XG3/0/8],,对端:Rack_[HZGD-P]_[XG1/0/1]
本端:Rack_[38]_[JiNanGD-P]_[XG3/0/9],,对端:Rack_[BZGD-P]_[XG1/0/1]
本端:Rack_[38]_[JiNanGD-P]_[XG3/0/10],,对端:Rack_[ZBGD-P]_[XG1/0/1]
本端:Rack_[38]_[JiNanGD-P]_[XG3/0/11],,对端:Rack_[TAGD-P]_[XG1/0/1]
本端:Rack_[38]_[JiNanGD-P]_[XG3/0/12],,对端:Rack_[JiNingGD-P]_[XG1/0/1]
本端:Rack_[38]_[JiNanGD-P]_[XG3/0/13],,对端:Rack_[DYGD-P]_[XG1/0/1]
本端:Rack_[38]_[JiNanGD-P]_[XG3/0/14],,对端:Rack_[WFGD-P]_[XG1/0/1]
本端:Rack_[38]_[JiNanGD-P]_[XG3/0/15],,对端:Rack_[YTGD-P]_[XG1/0/1]
本端:Rack_[38]_[JiNanGD-P]_[XG3/0/16],,对端:Rack_[WHGD-P]_[XG1/0/1]
本端:Rack_[38]_[JiNanGD-P]_[XG3/0/17],,对端:Rack_[跳转机服务器]_[GE2]
本端:Rack_[38]_[JiNanGD-P]_[XG3/0/18],,对端:Rack_[控制器服务器]_[GE2]
,,
,,
本端:Rack_[38]_[JiNanGD-P]_[PSR1],,对端:Rack_[38]_[PDU]_[主用]
本端:Rack_[38]_[JiNanGD-P]_[PSR2],,对端:Rack_[38]_[PDU]_[主用]
本端:Rack_[38]_[JiNanGD-P]_[PSR3],,对端:Rack_[38]_[PDU]_[备用]
本端:Rack_[38]_[JiNanGD-P]_[PSR4],,对端:Rack_[38]_[PDU]_[备用]
本端:Rack_[38]_[跳转机服务器]_[PSR1],,对端:Rack_[38]_[PDU]_[主用]
本端:Rack_[38]_[跳转机服务器]_[PSR2],,对端:Rack_[38]_[PDU]_[备用]
